<?xml version="1.0" encoding="UTF-8"?>
<metadata xml:lang="en"><Esri><CreaDate>20181117</CreaDate><CreaTime>16202300</CreaTime><ArcGISFormat>1.0</ArcGISFormat><SyncOnce>TRUE</SyncOnce><DataProperties><lineage><Process ToolSource="c:\program files (x86)\arcgis\desktop10.6\ArcToolbox\Toolboxes\Data Management Tools.tbx\DeleteField" Date="20181117" Time="162023">DeleteField ne_10m_admin_1_states_provinces featurecla;scalerank;diss_me;iso_3166_2;wikipedia;iso_a2;adm0_sr;name_alt;name_local;type;type_en;code_local;code_hasc;note;hasc_maybe;region;region_cod;provnum_ne;gadm_level;check_me;datarank;abbrev;postal;area_sqkm;sameascity;labelrank;name_len;mapcolor9;mapcolor13;fips;fips_alt;woe_id;woe_label;woe_name;latitude;longitude;sov_a3;adm0_a3;adm0_label;admin;geonunit;gu_a3;gn_id;gn_name;gns_id;gns_name;gn_level;gn_region;gn_a1_code;region_sub;sub_code;gns_level;gns_lang;gns_adm1;gns_region;min_label;max_label;min_zoom;wikidataid;name_ar;name_bn;name_de;name_en;name_es;name_fr;name_el;name_hi;name_hu;name_id;name_it;name_ja;name_ko;name_nl;name_pl;name_pt;name_ru;name_sv;name_tr;name_vi;name_zh;ne_id</Process></lineage></DataProperties></Esri></metadata>
